ショーシャンクの空に(1994年製作の映画),5.0
マイ・インターン(2015年製作の映画),4.7
ダークナイト(2008年製作の映画),4.6
レディ・プレイヤー1(2018年製作の映画),4.5
僕と世界の方程式(2014年製作の映画),4.5
東のエデン 劇場版 II Paradise Lost(2009年製作の映画),4.5
東のエデン 総集編 Air Communication(2009年製作の映画),4.5
東のエデン 劇場版 I The King of Eden(2009年製作の映画),4.5
GHOST IN THE SHELL 攻殻機動隊(1995年製作の映画),4.5
グラン・トリノ(2008年製作の映画),4.5
ビフォア・サンセット(2004年製作の映画),4.5
ガタカ(1997年製作の映画),4.5
ターミネーター2(1991年製作の映画),4.5
魔女の宅急便(1989年製作の映画),4.5
最強のふたり(2011年製作の映画),4.5
涼宮ハルヒの消失(2010年製作の映画),4.5
キャッチ・ミー・イフ・ユー・キャン(2002年製作の映画),4.5
バンク・ジョブ(2008年製作の映画),4.5
コードギアス 亡国のアキト／最終章 愛シキモノタチヘ(2016年製作の映画),4.5
アベンジャーズ／エンドゲーム(2019年製作の映画),4.3
ワンダー 君は太陽(2017年製作の映画),4.3
ガーディアンズ・オブ・ギャラクシー：リミックス(2017年製作の映画),4.3
シンドラーのリスト(1993年製作の映画),4.3
スノーデン(2016年製作の映画),4.3
インターステラー(2014年製作の映画),4.3
ワイルド・スピード ICE BREAK(2017年製作の映画),4.3
イエスマン “YES”は人生のパスワード(2008年製作の映画),4.3
時をかける少女(2006年製作の映画),4.3
バーフバリ 王の凱旋(2017年製作の映画),4.2
ジョーカー(2019年製作の映画),4.2
グッド・ウィル・ハンティング／旅立ち(1997年製作の映画),4.2
gifted／ギフテッド(2017年製作の映画),4.2
キングスマン(2015年製作の映画),4.2
ピエロがお前を嘲笑う(2014年製作の映画),4.2
機動戦士ガンダム 逆襲のシャア(1988年製作の映画),4.2
世界一キライなあなたに(2015年製作の映画),4.2
インターンシップ(2013年製作の映画),4.2
インセプション(2010年製作の映画),4.2
劇場版 Fate/stay night Heaven's Feel Ⅲ.spring song(2020年製作の映画),4.1
LION ライオン 25年目のただいま(2015年製作の映画),4.1
シビル・ウォー／キャプテン・アメリカ(2016年製作の映画),4.1
劇場版 Fate/stay night Heaven's Feel I. presage flower(2017年製作の映画),4.1
21ジャンプストリート(2012年製作の映画),4.1
スクール・オブ・ロック(2003年製作の映画),4.1
ミッション：インポッシブル(1996年製作の映画),4.1
アイアンマン(2008年製作の映画),4.1
コン・エアー(1997年製作の映画),4.1
グリーンマイル(1999年製作の映画),4.0
キャプテン・マーベル(2019年製作の映画),4.0
search／サーチ(2018年製作の映画),4.0
アントマン＆ワスプ(2018年製作の映画),4.0
バッド・ジーニアス 危険な天才たち(2017年製作の映画),4.0
アベンジャーズ／インフィニティ・ウォー(2018年製作の映画),4.0
アイアンマン3(2013年製作の映画),4.0
アントマン(2015年製作の映画),4.0
ミッション：インポッシブル／フォールアウト(2018年製作の映画),4.0
ビッグ・フィッシュ(2003年製作の映画),4.0
ボヘミアン・ラプソディ(2018年製作の映画),4.0
ちはやふる ー結びー(2018年製作の映画),4.0
人生の特等席(2012年製作の映画),4.0
グレイテスト・ショーマン(2017年製作の映画),4.0
ファンタスティック・ビーストと黒い魔法使いの誕生(2018年製作の映画),4.0
ミッション:8ミニッツ(2011年製作の映画),4.0
ファンタスティック・ビーストと魔法使いの旅(2016年製作の映画),4.0
攻殻機動隊 STAND ALONE COMPLEX The Laughing Man(2005年製作の映画),4.0
プレデター(1987年製作の映画),4.0
機動戦士ガンダムUC／episode7 虹の彼方に(2014年製作の映画),4.0
機動戦士ガンダムUC／episode6 宇宙と地球と(2013年製作の映画),4.0
機動戦士ガンダムUC／episode5 黒いユニコーン(2012年製作の映画),4.0
機動戦士ガンダムUC／episode4 重力の井戸の底で(2011年製作の映画),4.0
機動戦士ガンダムUC／episode3 ラプラスの亡霊(2011年製作の映画),4.0
機動戦士ガンダムUC／episode2 赤い彗星(2010年製作の映画),4.0
機動戦士ガンダムUC／episode1 ユニコーンの日(2010年製作の映画),4.0
プリズナーズ(2013年製作の映画),4.0
しあわせの隠れ場所(2009年製作の映画),4.0
イノセンス(2004年製作の映画),4.0
ノクターナル・アニマルズ(2016年製作の映画),4.0
きみに読む物語(2004年製作の映画),4.0
バック・トゥ・ザ・フューチャー PART2(1989年製作の映画),4.0
バック・トゥ・ザ・フューチャー(1985年製作の映画),4.0
キック・アス ジャスティス・フォーエバー(2013年製作の映画),4.0
キック・アス(2010年製作の映画),4.0
メイジーの瞳(2012年製作の映画),4.0
ビフォア・サンライズ 恋人までの距離(1995年製作の映画),4.0
ワイルド・スピード SKY MISSION(2015年製作の映画),4.0
ナイトクローラー(2014年製作の映画),4.0
イコライザー(2014年製作の映画),4.0
プリデスティネーション(2014年製作の映画),4.0
セトウツミ(2016年製作の映画),4.0
塔の上のラプンツェル(2010年製作の映画),4.0
アイデンティティー(2003年製作の映画),4.0
秘密(1999年製作の映画),4.0
インデペンデンス・デイ(1996年製作の映画),4.0
ダークナイト ライジング(2012年製作の映画),4.0
スター・ウォーズ エピソード3／シスの復讐(2005年製作の映画),4.0
スパイダーマン2(2004年製作の映画),4.0
ライオン・キング(1994年製作の映画),4.0
ハリー・ポッターと死の秘宝 PART2(2011年製作の映画),4.0
ハリー・ポッターと死の秘宝 PART1(2010年製作の映画),4.0
ハリー・ポッターと炎のゴブレット(2005年製作の映画),4.0
ハリー・ポッターと謎のプリンス(2008年製作の映画),4.0
ハリー・ポッターと不死鳥の騎士団(2007年製作の映画),4.0
ハリー・ポッターと秘密の部屋(2002年製作の映画),4.0
もののけ姫(1997年製作の映画),4.0
フォレスト・ガンプ／一期一会(1994年製作の映画),4.0
ハリー・ポッターと賢者の石(2001年製作の映画),4.0
サマーウォーズ(2009年製作の映画),4.0
となりのトトロ(1988年製作の映画),4.0
プラダを着た悪魔(2006年製作の映画),4.0
オーシャンズ11(2001年製作の映画),4.0
タイタニック(1997年製作の映画),4.0
東京ゴッドファーザーズ(2003年製作の映画),4.0
マッチスティック・メン(2003年製作の映画),4.0
ユージュアル・サスペクツ(1995年製作の映画),4.0
ただ、君を愛してる(2006年製作の映画),4.0
言の葉の庭(2013年製作の映画),4.0
レオン 完全版(1994年製作の映画),4.0
ミッション：インポッシブル ローグ・ネイション(2015年製作の映画),4.0
天使のくれた時間(2000年製作の映画),4.0
インサイド・マン(2006年製作の映画),4.0
ビューティフル・マインド(2001年製作の映画),4.0
ディス／コネクト(2012年製作の映画),4.0
プレステージ(2006年製作の映画),4.0
ザ・シューター／極大射程(2007年製作の映画),4.0
レオン(1994年製作の映画),4.0
ツレがうつになりまして。(2011年製作の映画),4.0
舟を編む(2013年製作の映画),4.0
ソラニン(2010年製作の映画),4.0
ピンポン(2002年製作の映画),4.0
鴨川ホルモー(2009年製作の映画),4.0
グランド・イリュージョン(2013年製作の映画),4.0
マチネの終わりに(2019年製作の映画),3.9
ハクソー・リッジ(2016年製作の映画),3.9
鑑定士と顔のない依頼人(2013年製作の映画),3.9
プロメア(2019年製作の映画),3.9
バーフバリ 伝説誕生(2015年製作の映画),3.9
きっと、うまくいく(2009年製作の映画),3.9
劇場版 Fate/stay night Heaven's Feel II. lost butterfly(2019年製作の映画),3.9
運び屋(2018年製作の映画),3.9
エブリデイ(2018年製作の映画),3.9
アクアマン(2018年製作の映画),3.9
メッセージ(2016年製作の映画),3.9
羊たちの沈黙(1990年製作の映画),3.9
博士と彼女のセオリー(2014年製作の映画),3.9
マリアンヌ(2016年製作の映画),3.9
機動戦士ガンダム THE ORIGIN 誕生 赤い彗星(2018年製作の映画),3.9
新機動戦記ガンダムW Endless Waltz -特別篇-(1998年製作の映画),3.9
真実の行方(1996年製作の映画),3.9
グラディエーター(2000年製作の映画),3.9
プロジェクト・アルマナック(2014年製作の映画),3.9
オール・ユー・ニード・イズ・キル(2014年製作の映画),3.9
アバウト・タイム 愛おしい時間について(2013年製作の映画),3.9
ミリオンダラー・ベイビー(2004年製作の映画),3.9
ブレードランナー 完全版(1982年製作の映画),3.9
ミッドナイト・イン・パリ(2011年製作の映画),3.9
ロード・オブ・ザ・リング(2001年製作の映画),3.9
閉ざされた森(2003年製作の映画),3.9
セブン(1995年製作の映画),3.9
シカゴ7裁判(2020年製作の映画),3.8
沈黙ーサイレンスー(2015年製作の映画),3.8
リチャード・ジュエル(2019年製作の映画),3.8
ハングオーバー!! 史上最悪の二日酔い、国境を越える(2011年製作の映画),3.8
ハングオーバー! 消えた花ムコと史上最悪の二日酔い(2009年製作の映画),3.8
コードネーム U.N.C.L.E.(2014年製作の映画),3.8
チェンジリング(2008年製作の映画),3.8
The Witch/魔女(2018年製作の映画),3.8
劇場版 ファイナルファンタジーXIV 光のお父さん(2019年製作の映画),3.8
ヴァイオレット・エヴァーガーデン 外伝 - 永遠と自動手記人形 -(2019年製作の映画),3.8
ビューティー・インサイド(2015年製作の映画),3.8
あの頃、君を追いかけた(2018年製作の映画),3.8
チョコレートドーナツ(2012年製作の映画),3.8
イコライザー２(2018年製作の映画),3.8
60セカンズ(2000年製作の映画),3.8
フェイス／オフ(1997年製作の映画),3.8
バンブルビー(2018年製作の映画),3.8
プレイス・ビヨンド・ザ・パインズ／宿命(2012年製作の映画),3.8
スパイダーマン：ホームカミング(2017年製作の映画),3.8
坂道のアポロン(2017年製作の映画),3.8
ゲット・アウト(2017年製作の映画),3.8
ロスト・ボディ(2012年製作の映画),3.8
パトリオット・デイ(2016年製作の映画),3.8
ザ・ロック(1996年製作の映画),3.8
リメンバー・ミー(2017年製作の映画),3.8
スター・ウォーズ／最後のジェダイ(2017年製作の映画),3.8
スター・ウォーズ／フォースの覚醒(2015年製作の映画),3.8
ズートピア(2016年製作の映画),3.8
ブラックパンサー(2018年製作の映画),3.8
ガーディアンズ・オブ・ギャラクシー(2014年製作の映画),3.8
アベンジャーズ／エイジ・オブ・ウルトロン(2015年製作の映画),3.8
キャプテン・アメリカ ウィンター・ソルジャー(2014年製作の映画),3.8
アイアンマン2(2010年製作の映画),3.8
女神の見えざる手(2016年製作の映画),3.8
X-MEN:フューチャー＆パスト(2014年製作の映画),3.8
バットマン ビギンズ(2005年製作の映画),3.8
勝手にふるえてろ(2017年製作の映画),3.8
ゴーン・ガール(2014年製作の映画),3.8
黄金のアデーレ 名画の帰還(2015年製作の映画),3.8
スタンド・バイ・ミー(1986年製作の映画),3.8
シェイプ・オブ・ウォーター(2017年製作の映画),3.8
キングスマン：ゴールデン・サークル(2017年製作の映画),3.8
ジュラシック・ワールド 炎の王国(2018年製作の映画),3.8
デッドプール２(2018年製作の映画),3.8
チャッピー(2015年製作の映画),3.8
雨の日は会えない、晴れた日は君を想う(2015年製作の映画),3.8
ショーン・オブ・ザ・デッド(2004年製作の映画),3.8
グランド・イリュージョン 見破られたトリック(2016年製作の映画),3.8
007／カジノ・ロワイヤル(2006年製作の映画),3.8
機動戦士ガンダム F91(1991年製作の映画),3.8
ワイルド・スピード MEGA MAX(2011年製作の映画),3.8
ドント・ブリーズ(2016年製作の映画),3.8
バック・トゥ・ザ・フューチャーPART3(1990年製作の映画),3.8
世界から猫が消えたなら(2015年製作の映画),3.8
映画 聲の形(2016年製作の映画),3.8
ナイスガイズ！(2016年製作の映画),3.8
CUBE(1997年製作の映画),3.8
ローラーガールズ・ダイアリー(2009年製作の映画),3.8
手紙は憶えている(2015年製作の映画),3.8
42〜世界を変えた男〜(2013年製作の映画),3.8
ハッピーエンドが書けるまで(2012年製作の映画),3.8
クリード チャンプを継ぐ男(2015年製作の映画),3.8
グレイティスト(2009年製作の映画),3.8
はじまりのうた(2013年製作の映画),3.8
リベリオン(2002年製作の映画),3.8
BLAME! ブラム(2017年製作の映画),3.8
WOOD JOB！（ウッジョブ）神去なあなあ日常(2014年製作の映画),3.8
劇場版 ソードアート・オンライン オーディナル・スケール(2017年製作の映画),3.8
ロード・オブ・ザ・リング／王の帰還(2003年製作の映画),3.8
スパイダーマン3(2007年製作の映画),3.8
JAWS／ジョーズ(1975年製作の映画),3.8
容疑者Xの献身(2008年製作の映画),3.8
レミーのおいしいレストラン(2007年製作の映画),3.8
ハリー・ポッターとアズカバンの囚人(2004年製作の映画),3.8
天空の城ラピュタ(1986年製作の映画),3.8
イミテーション・ゲーム／エニグマと天才数学者の秘密(2014年製作の映画),3.8
ボーン・アルティメイタム(2007年製作の映画),3.8
ウルフ・オブ・ウォールストリート(2013年製作の映画),3.8
ボーン・スプレマシー(2004年製作の映画),3.8
パプリカ(2006年製作の映画),3.8
フライト・ゲーム(2014年製作の映画),3.8
名探偵ピカチュウ(2019年製作の映画),3.7
監視資本主義　デジタル社会がもたらす光と影(2020年製作の映画),3.7
アメリカン・アニマルズ(2018年製作の映画),3.7
タイラー・レイク －命の奪還－(2020年製作の映画),3.7
ザ・フォーリナー／復讐者(2017年製作の映画),3.7
パッセンジャー(2016年製作の映画),3.7
ドクター・スリープ(2019年製作の映画),3.7
あまくない砂糖の話(2015年製作の映画),3.7
見えない目撃者(2019年製作の映画),3.7
劇場(2020年製作の映画),3.7
ジャッジ 裁かれる判事(2014年製作の映画),3.7
女は二度決断する(2017年製作の映画),3.7
ハッピー・デス・デイ 2U(2019年製作の映画),3.7
ハッピー・デス・デイ(2017年製作の映画),3.7
MERU／メルー(2014年製作の映画),3.7
ヴェノム(2018年製作の映画),3.7
スクランブル(2017年製作の映画),3.7
プライベート・ライアン(1998年製作の映画),3.7
イントゥ・ザ・スカイ 気球で未来を変えたふたり(2019年製作の映画),3.7
ヴァレリアン 千の惑星の救世主(2017年製作の映画),3.7
セブン・シスターズ(2017年製作の映画),3.7
ジュマンジ(1995年製作の映画),3.7
七つの会議(2018年製作の映画),3.7
きっと、星のせいじゃない。(2014年製作の映画),3.7
ウインド・リバー(2017年製作の映画),3.7
ハンターキラー 潜航せよ(2018年製作の映画),3.7
サイド・エフェクト(2013年製作の映画),3.7
さよならの朝に約束の花をかざろう(2018年製作の映画),3.7
新感染 ファイナル・エクスプレス(2016年製作の映画),3.7
ホーム・アローン2(1992年製作の映画),3.7
X-MEN:アポカリプス(2016年製作の映画),3.7
トイ・ストーリー2(1999年製作の映画),3.7
人魚の眠る家(2018年製作の映画),3.7
特捜部Q カルテ番号64(2018年製作の映画),3.7
DESTINY 鎌倉ものがたり(2017年製作の映画),3.7
響 -HIBIKI-(2018年製作の映画),3.7
祈りの幕が下りる時(2017年製作の映画),3.7
ウィンストン・チャーチル ／ヒトラーから世界を救った男(2017年製作の映画),3.7
インビジブル・スクワッド 悪の部隊と光の戦士(2014年製作の映画),3.7
君の膵臓をたべたい(2017年製作の映画),3.7
エイリアン2(1986年製作の映画),3.7
3月のライオン 後編(2017年製作の映画),3.7
劇場版 TIGER & BUNNY -The Rising-(2013年製作の映画),3.7
GHOST IN THE SHELL 攻殻機動隊2.0(2008年製作の映画),3.7
劇場版マクロスF〜サヨナラノツバサ〜(2011年製作の映画),3.7
レヴェナント：蘇えりし者(2015年製作の映画),3.7
名探偵コナン 天国へのカウントダウン(2001年製作の映画),3.7
イヴの時間 劇場版(2009年製作の映画),3.7
怒り(2016年製作の映画),3.7
アメリカン・スナイパー(2014年製作の映画),3.7
交渉人(1998年製作の映画),3.7
ノーカントリー(2007年製作の映画),3.7
ローン・サバイバー(2013年製作の映画),3.7
LOOPER／ルーパー(2012年製作の映画),3.7
天使にラブ・ソングを…(1992年製作の映画),3.7
ホーム・アローン(1990年製作の映画),3.7
ホット・ファズ 俺たちスーパーポリスメン！(2007年製作の映画),3.7
ミスター・ノーバディ(2009年製作の映画),3.7
ちはやふる 上の句(2016年製作の映画),3.7
ドラフト・デイ(2014年製作の映画),3.7
アヒルと鴨のコインロッカー(2006年製作の映画),3.7
ノーゲーム・ノーライフ ゼロ(2017年製作の映画),3.7
エリザベスタウン(2005年製作の映画),3.7
ミニミニ大作戦(2003年製作の映画),3.7
ディパーテッド(2006年製作の映画),3.7
マネー・ショート 華麗なる大逆転(2016年製作の映画),3.7
エバー・アフター(1998年製作の映画),3.7
横道世之介(2013年製作の映画),3.7
千と千尋の神隠し(2001年製作の映画),3.7
麒麟の翼 〜劇場版・新参者〜(2011年製作の映画),3.7
最高の人生の見つけ方(2007年製作の映画),3.7
阪急電車 片道15分の奇跡(2011年製作の映画),3.7
ビリギャル(2015年製作の映画),3.7
タイピスト！(2012年製作の映画),3.7
ミッション：インポッシブル／ゴースト・プロトコル(2011年製作の映画),3.7
スター・ウォーズ エピソード2／クローンの攻撃(2002年製作の映画),3.7
シャーロック・ホームズ(2009年製作の映画),3.7
スパイダーマン(2002年製作の映画),3.7
ディスタービア(2007年製作の映画),3.7
機動戦士ガンダム THE ORIGIN III 暁の蜂起(2016年製作の映画),3.7
機動戦士ガンダム THE ORIGIN Ⅱ 哀しみのアルテイシア(2015年製作の映画),3.7
機動戦士ガンダム THE ORIGIN I 青い瞳のキャスバル(2015年製作の映画),3.7
Vフォー・ヴェンデッタ(2005年製作の映画),3.7
告白(2010年製作の映画),3.7
リスボンに誘われて(2012年製作の映画),3.7
ザ・ゲスト(2014年製作の映画),3.7
ナインスゲート(1999年製作の映画),3.7
007／ゴールデンアイ(1995年製作の映画),3.7
サマー・オブ・84(2017年製作の映画),3.6
ぼくらと、ぼくらの闇(2017年製作の映画),3.6
ハングオーバー!!! 最後の反省会(2013年製作の映画),3.6
インディ・ジョーンズ／魔宮の伝説(1984年製作の映画),3.6
エノーラ・ホームズの事件簿(2020年製作の映画),3.6
エルカミーノ: ブレイキング・バッド THE MOVIE(2019年製作の映画),3.6
ハドソン川の奇跡(2016年製作の映画),3.6
アス(2019年製作の映画),3.6
ワイルド・スピード EURO MISSION(2013年製作の映画),3.6
評決のとき(1996年製作の映画),3.6
ライフ(2017年製作の映画),3.6
ドラゴン・タトゥーの女(2011年製作の映画),3.6
フォーン・ブース(2002年製作の映画),3.6
インクレディブル・ファミリー(2018年製作の映画),3.6
ドクター・ストレンジ(2016年製作の映画),3.6
アベンジャーズ(2012年製作の映画),3.6
アラジン(1992年製作の映画),3.6
レッドクリフ Part II ―未来への最終決戦―(2009年製作の映画),3.6
THE UPSIDE　最強のふたり／人生の動かし方(2017年製作の映画),3.6
LIFE!(2013年製作の映画),3.6
オデッセイ(2015年製作の映画),3.6
亜人(2017年製作の映画),3.6
ザ・プレデター(2018年製作の映画),3.6
ジョン・ウィック：チャプター2(2016年製作の映画),3.6
22年目の告白 私が殺人犯です(2017年製作の映画),3.6
劇場版 黒子のバスケ LAST GAME(2017年製作の映画),3.6
シェフ 三ツ星フードトラック始めました(2014年製作の映画),3.6
ビフォア・ミッドナイト(2013年製作の映画),3.6
タイムシャッフル(2014年製作の映画),3.6
機動戦士ガンダム THE ORIGIN 激突 ルウム会戦(2017年製作の映画),3.6
3月のライオン 前編(2017年製作の映画),3.6
フォーカス(2015年製作の映画),3.6
タロットカード殺人事件(2006年製作の映画),3.6
007 スペクター(2015年製作の映画),3.6
リアル・スティール(2011年製作の映画),3.6
マルドゥック・スクランブル 排気(2012年製作の映画),3.6
屍者の帝国(2015年製作の映画),3.6
アキラ AKIRA(1988年製作の映画),3.6
名探偵コナン ゼロの執行人(2018年製作の映画),3.6
名探偵コナン 探偵たちの鎮魂歌（レクイエム）(2006年製作の映画),3.6
名探偵コナン 銀翼の奇術師（マジシャン）(2004年製作の映画),3.6
トランスポーター(2002年製作の映画),3.6
ジョン・ウィック(2014年製作の映画),3.6
ぼくは明日、昨日のきみとデートする(2016年製作の映画),3.6
バクマン。(2015年製作の映画),3.6
帝一の國(2017年製作の映画),3.6
50／50  フィフティ・フィフティ(2011年製作の映画),3.6
セブンティーン・アゲイン(2009年製作の映画),3.6
コロニア(2015年製作の映画),3.6
SING／シング(2016年製作の映画),3.6
インクハート／魔法の声(2008年製作の映画),3.6
モンスタートラック(2016年製作の映画),3.6
シンデレラ(2015年製作の映画),3.6
スピード(1994年製作の映画),3.6
17歳の肖像(2009年製作の映画),3.6
ドライヴ(2011年製作の映画),3.6
ミッション：インポッシブル3(2006年製作の映画),3.6
華麗なるギャツビー(2013年製作の映画),3.6
心が叫びたがってるんだ。(2015年製作の映画),3.6
マネーボール(2011年製作の映画),3.6
ベルセルク 黄金時代篇 III 降臨(2012年製作の映画),3.6
キャスト・アウェイ(2000年製作の映画),3.6
ターミナル(2004年製作の映画),3.6
世界にひとつのプレイブック(2012年製作の映画),3.6
リンカーン弁護士(2011年製作の映画),3.6
劇場版 花咲くいろは HOME SWEET HOME(2013年製作の映画),3.6
エンド・オブ・ホワイトハウス(2013年製作の映画),3.6
007／慰めの報酬(2008年製作の映画),3.6
007 スカイフォール(2012年製作の映画),3.6
ベイマックス(2014年製作の映画),3.6
ロード・オブ・ザ・リング／二つの塔(2002年製作の映画),3.6
スター・ウォーズ エピソード1／ファントム・メナス(1999年製作の映画),3.6
ジュラシック・パーク(1993年製作の映画),3.6
バイオハザード(2002年製作の映画),3.6
パイレーツ・オブ・カリビアン／呪われた海賊たち(2003年製作の映画),3.6
パイレーツ・オブ・カリビアン／デッドマンズ・チェスト(2006年製作の映画),3.6
ハーモニー(2015年製作の映画),3.6
セルラー(2004年製作の映画),3.6
虐殺器官(2015年製作の映画),3.6
ボーン・アイデンティティー(2002年製作の映画),3.6
トロイ(2004年製作の映画),3.6
機動戦士ガンダム THE ORIGIN IV 運命の前夜(2016年製作の映画),3.6
悪魔はいつもそこに(2020年製作の映画),3.5
ブラッド・ダイヤモンド(2006年製作の映画),3.5
アンノウン(2011年製作の映画),3.5
蜘蛛の巣を払う女(2018年製作の映画),3.5
劇場版 あの日見た花の名前を僕達はまだ知らない。(2013年製作の映画),3.5
ラスト・アクション・ヒーロー(1993年製作の映画),3.5
ジュマンジ／ウェルカム・トゥ・ジャングル(2017年製作の映画),3.5
ヒメアノ〜ル(2016年製作の映画),3.5
ナイブズ・アウト／名探偵と刃の館の秘密(2019年製作の映画),3.5
カメラを止めるな！(2017年製作の映画),3.5
ブラック・スキャンダル(2015年製作の映画),3.5
X-ミッション(2015年製作の映画),3.5
死霊館 エンフィールド事件(2016年製作の映画),3.5
スポットライト 世紀のスクープ(2015年製作の映画),3.5
カリフォルニア・ダウン(2015年製作の映画),3.5
ザ・コール [緊急通報指令室](2013年製作の映画),3.5
アンフレンデッド：ダークウェブ(2018年製作の映画),3.5
ザ・ギフト(2015年製作の映画),3.5
犬猿(2017年製作の映画),3.5
マージン・コール(2011年製作の映画),3.5
ワイルド・スピードX2(2003年製作の映画),3.5
ブレイン・ゲーム(2014年製作の映画),3.5
ブラック・クランズマン(2018年製作の映画),3.5
マスカレード・ホテル(2019年製作の映画),3.5
オンリー・ザ・ブレイブ(2017年製作の映画),3.5
ジャングル ギンズバーグ19日間の軌跡(2017年製作の映画),3.5
セルフレス／覚醒した記憶(2015年製作の映画),3.5
ドリームハウス(2011年製作の映画),3.5
モリーズ・ゲーム(2017年製作の映画),3.5
花とアリス殺人事件(2015年製作の映画),3.5
ペンギン・ハイウェイ(2018年製作の映画),3.5
ちょっと今から仕事やめてくる(2017年製作の映画),3.5
名探偵コナン 紺青の拳(2019年製作の映画),3.5
デモリションマン(1993年製作の映画),3.5
チャーリーズ・エンジェル(2000年製作の映画),3.5
キングダム(2019年製作の映画),3.5
ブラック・ミラー: バンダースナッチ(2018年製作の映画),3.5
バード・ボックス(2018年製作の映画),3.5
ランペイジ 巨獣大乱闘(2018年製作の映画),3.5
ブレードランナー 2049(2017年製作の映画),3.5
オーシャンズ8(2017年製作の映画),3.5
パニック・ルーム(2002年製作の映画),3.5
去年の冬、きみと別れ(2018年製作の映画),3.5
トレイン・ミッション(2018年製作の映画),3.5
SPY／スパイ(2015年製作の映画),3.5
アリータ：バトル・エンジェル(2018年製作の映画),3.5
エネミー・ライン(2001年製作の映画),3.5
ロードキラー(2001年製作の映画),3.5
モアナと伝説の海(2016年製作の映画),3.5
スリー・ビルボード(2017年製作の映画),3.5
ミッション：インポッシブル2(2000年製作の映画),3.5
マイティ・ソー バトルロイヤル(2017年製作の映画),3.5
シュガー・ラッシュ(2012年製作の映画),3.5
ローグ・ワン／スター・ウォーズ・ストーリー(2016年製作の映画),3.5
アナと雪の女王(2013年製作の映画),3.5
Mr.インクレディブル(2004年製作の映画),3.5
ナショナル・トレジャー2／リンカーン暗殺者の日記(2007年製作の映画),3.5
ナショナル・トレジャー(2004年製作の映画),3.5
モンスターズ・インク(2001年製作の映画),3.5
キャプテン・アメリカ ザ・ファースト・アベンジャー(2011年製作の映画),3.5
アラジン ジャファーの逆襲(1994年製作の映画),3.5
ガールズ＆パンツァー これが本当のアンツィオ戦です！(2014年製作の映画),3.5
ガールズ＆パンツァー 最終章 第1話(2017年製作の映画),3.5
ドラゴンボール超 ブロリー(2018年製作の映画),3.5
96時間 レクイエム(2015年製作の映画),3.5
96時間 リベンジ(2012年製作の映画),3.5
トランス・ワールド(2011年製作の映画),3.5
機動戦士ガンダム0083 ジオンの残光(1992年製作の映画),3.5
レッドクリフ Part I(2008年製作の映画),3.5
硫黄島からの手紙(2006年製作の映画),3.5
君の名前で僕を呼んで(2017年製作の映画),3.5
バタフライ・エフェクト(2004年製作の映画),3.5
スマホを落としただけなのに(2018年製作の映画),3.5
L.A.コンフィデンシャル(1997年製作の映画),3.5
アメイジング・スパイダーマン2(2014年製作の映画),3.5
恋は雨上がりのように(2018年製作の映画),3.5
奇蹟がくれた数式(2015年製作の映画),3.5
レディ・バード(2017年製作の映画),3.5
ソーシャル・ネットワーク(2010年製作の映画),3.5
映画 中二病でも恋がしたい Take On Me(2017年製作の映画),3.5
ザ・ワーズ 盗まれた人生(2012年製作の映画),3.5
黒子のバスケ ウインターカップ総集編  涙の先へ(2016年製作の映画),3.5
黒子のバスケ ウインターカップ総集編  影と光(2016年製作の映画),3.5
エンド・オブ・トンネル(2016年製作の映画),3.5
ONE PIECE FILM Z ワンピース フィルム ゼット(2012年製作の映画),3.5
デッドプール(2016年製作の映画),3.5
詩季織々(2018年製作の映画),3.5
007／ワールド・イズ・ノット・イナフ(1999年製作の映画),3.5
X-メン(2000年製作の映画),3.5
攻殻機動隊 新劇場版(2015年製作の映画),3.5
マルドゥック・スクランブル 圧縮(2010年製作の映画),3.5
マルドゥック・スクランブル 燃焼(2011年製作の映画),3.5
ヱヴァンゲリヲン新劇場版:破(2009年製作の映画),3.5
ヱヴァンゲリヲン新劇場版:序(2007年製作の映画),3.5
劇場版 PSYCHO-PASS サイコパス(2014年製作の映画),3.5
劇場版マクロスF〜イツワリノウタヒメ〜(2009年製作の映画),3.5
攻殻機動隊ARISE border:4 Ghost Stands Alone(2014年製作の映画),3.5
攻殻機動隊ARISE border:3 Ghost Tears(2014年製作の映画),3.5
攻殻機動隊ARISE border:2 Ghost Whispers(2013年製作の映画),3.5
攻殻機動隊ARISE border:1 Ghost Pain(2013年製作の映画),3.5
傷物語Ⅲ 冷血篇(2017年製作の映画),3.5
傷物語II 熱血篇(2016年製作の映画),3.5
傷物語I 鉄血篇(2016年製作の映画),3.5
心のカルテ(2017年製作の映画),3.5
ONE PIECE ワンピース THE MOVIE エピソード オブ チョッパー プラス 冬に咲く、奇跡の桜(2008年製作の映画),3.5
トップガン(1986年製作の映画),3.5
ザ・ウォーク(2015年製作の映画),3.5
IT／イット “それ”が見えたら、終わり。(2017年製作の映画),3.5
名探偵コナン 14番目の標的（ターゲット）(1998年製作の映画),3.5
名探偵コナン 漆黒の追跡者（チェイサー）(2009年製作の映画),3.5
名探偵コナン 天空の難破船（ロスト・シップ）(2010年製作の映画),3.5
名探偵コナン 時計じかけの摩天楼(1997年製作の映画),3.5
名探偵コナン 異次元の狙撃手（スナイパー）(2014年製作の映画),3.5
名探偵コナン 瞳の中の暗殺者(2000年製作の映画),3.5
名探偵コナン 世紀末の魔術師(1999年製作の映画),3.5
ジャスティス・リーグ(2017年製作の映画),3.5
トランスポーター2(2005年製作の映画),3.5
ワイルド・スピード MAX(2009年製作の映画),3.5
ワイルド・スピード(2001年製作の映画),3.5
アポカリプト(2006年製作の映画),3.5
セイフ ヘイヴン(2013年製作の映画),3.5
この世界の片隅に(2016年製作の映画),3.5
アイアムアヒーロー(2015年製作の映画),3.5
青天の霹靂(2013年製作の映画),3.5
サウスポー(2015年製作の映画),3.5
ラ・ラ・ランド(2016年製作の映画),3.5
それでも夜は明ける(2013年製作の映画),3.5
エクスペンダブルズ2(2012年製作の映画),3.5
GO(2001年製作の映画),3.5
トゥルーマン・ショー(1998年製作の映画),3.5
CURE キュア(1997年製作の映画),3.5
キング・オブ・エジプト(2015年製作の映画),3.5
名探偵コナン から紅の恋歌(2017年製作の映画),3.5
大統領の執事の涙(2013年製作の映画),3.5
名探偵コナン 純黒の悪夢(2016年製作の映画),3.5
名探偵コナン ベイカー街の亡霊(2002年製作の映画),3.5
ルパン三世 カリオストロの城(1979年製作の映画),3.5
E.T.(1982年製作の映画),3.5
ファインディング・ニモ(2003年製作の映画),3.5
初恋(2006年製作の映画),3.5
手紙(2006年製作の映画),3.5
ドニー・ダーコ(2001年製作の映画),3.5
ハムナプトラ2 黄金のピラミッド(2001年製作の映画),3.5
ハムナプトラ 失われた砂漠の都(1999年製作の映画),3.5
ダイ・ハード4.0(2007年製作の映画),3.5
テルマエ・ロマエII(2014年製作の映画),3.5
Re:LIFE リライフ(2014年製作の映画),3.5
ちはやふる 下の句(2016年製作の映画),3.5
アイランド(2005年製作の映画),3.5
セッション(2014年製作の映画),3.5
メリッサ・マッカーシーinザ・ボス 世界で一番お金が好き！(2016年製作の映画),3.5
パーフェクト・ルーム(2014年製作の映画),3.5
マグニフィセント・セブン(2016年製作の映画),3.5
特捜部Q キジ殺し(2014年製作の映画),3.5
モンスター上司(2011年製作の映画),3.5
砂上の法廷(2015年製作の映画),3.5
風が強く吹いている(2009年製作の映画),3.5
64 ロクヨン 後編(2016年製作の映画),3.5
64 ロクヨン 前編(2016年製作の映画),3.5
ラッシュアワー2(2001年製作の映画),3.5
英国王のスピーチ(2010年製作の映画),3.5
マジェスティック(2001年製作の映画),3.5
her/世界でひとつの彼女(2013年製作の映画),3.5
エクスペンダブルズ3 ワールドミッション(2014年製作の映画),3.5
GANTZ:O(2016年製作の映画),3.5
トライアングル(2009年製作の映画),3.5
大脱出(2013年製作の映画),3.5
トランセンデンス(2014年製作の映画),3.5
シャーロック・ホームズ シャドウ ゲーム(2011年製作の映画),3.5
ベルセルク 黄金時代篇 II ドルドレイ攻略(2012年製作の映画),3.5
ベルセルク 黄金時代篇 I 覇王の卵(2011年製作の映画),3.5
ショコラ(2000年製作の映画),3.5
運命を分けたザイル(2003年製作の映画),3.5
ジェイソン・ボーン(2016年製作の映画),3.5
スリーデイズ(2010年製作の映画),3.5
パルプ・フィクション(1994年製作の映画),3.5
ウォーターワールド(1995年製作の映画),3.5
ライアーゲーム ザ・ファイナルステージ(2009年製作の映画),3.5
インディ・ジョーンズ／最後の聖戦(1989年製作の映画),3.5
ハリソン・フォード 逃亡者(1993年製作の映画),3.5
SLAM DUNK 湘北最大の危機！燃えろ桜木花道(1995年製作の映画),3.5
ジュリエットからの手紙(2010年製作の映画),3.5
あと1センチの恋(2014年製作の映画),3.5
バイオハザード ダムネーション(2012年製作の映画),3.5
マイレージ、マイライフ(2009年製作の映画),3.5
10 クローバーフィールド・レーン(2016年製作の映画),3.5
名探偵コナン 迷宮の十字路（クロスロード）(2003年製作の映画),3.5
トイレのピエタ(2015年製作の映画),3.5
エクス・マキナ(2015年製作の映画),3.5
楽園追放 - Expelled from  Paradise -(2014年製作の映画),3.5
フロム・ダスク・ティル・ドーン(1996年製作の映画),3.5
リミットレス(2011年製作の映画),3.5
13時間 ベンガジの秘密の兵士(2016年製作の映画),3.5
紅の豚(1992年製作の映画),3.5
マイノリティ・リポート(2002年製作の映画),3.5
アルマゲドン(1998年製作の映画),3.5
バイオハザード II アポカリプス(2004年製作の映画),3.5
スター・ウォーズ エピソード5／帝国の逆襲(1980年製作の映画),3.5
白ゆき姫殺人事件(2014年製作の映画),3.5
アメイジング・スパイダーマン(2012年製作の映画),3.5
ウォーターボーイズ(2001年製作の映画),3.5
テルマエ・ロマエ(2012年製作の映画),3.5
メン・イン・ブラック(1997年製作の映画),3.5
ナイト ミュージアム(2006年製作の映画),3.5
シザーハンズ(1990年製作の映画),3.5
テッド(2012年製作の映画),3.5
トイ・ストーリー(1995年製作の映画),3.5
ザ・コンサルタント(2016年製作の映画),3.5
ミスティック・リバー(2003年製作の映画),3.5
耳をすませば(1995年製作の映画),3.5
フィフス・エレメント(1997年製作の映画),3.5
カラスの親指(2012年製作の映画),3.5
風の谷のナウシカ(1984年製作の映画),3.5
イーグル・アイ(2008年製作の映画),3.5
ブレードランナー(1982年製作の映画),3.5
バニラ・スカイ(2001年製作の映画),3.5
バイオハザード：ザ・ファイナル(2016年製作の映画),3.5
私の中のあなた(2009年製作の映画),3.5
ゾンビーワールドへようこそ(2015年製作の映画),3.5
エスター(2009年製作の映画),3.5
エターナル・サンシャイン(2004年製作の映画),3.5
ネイビーシールズ(2012年製作の映画),3.5
秒速5センチメートル(2007年製作の映画),3.5
ベンジャミン・バトン 数奇な人生(2008年製作の映画),3.5
君の名は。(2016年製作の映画),3.5
ターミネーター：新起動／ジェニシス(2015年製作の映画),3.5
ファイナル・デスティネーション(2000年製作の映画),3.5
ジュラシック・ワールド(2015年製作の映画),3.5
ラスト サムライ(2003年製作の映画),3.5
アメリカン・サイコ(2000年製作の映画),3.5
沈黙シリーズ第3弾／暴走特急(1995年製作の映画),3.5
暴走特急 シベリアン・エクスプレス(2008年製作の映画),3.5
スウィート・ノベンバー(2001年製作の映画),3.5
ザ・ビーチ(2000年製作の映画),3.5
ディープ・ブルー(1999年製作の映画),3.5
ストリートファイター 暗殺拳(2013年製作の映画),3.5
ブラック・ハッカー(2014年製作の映画),3.5
ジェミニマン(2019年製作の映画),3.4
ハーレイ・クインの華麗なる覚醒　BIRDS OF PREY(2020年製作の映画),3.4
オールド・ガード(2020年製作の映画),3.4
プロジェクト・パワー(2020年製作の映画),3.4
デッドコースター/ファイナル・デスティネーション2(2003年製作の映画),3.4
６アンダーグラウンド(2019年製作の映画),3.4
（r）adius ラディウス(2017年製作の映画),3.4
エリジウム(2013年製作の映画),3.4
ラン・オールナイト(2015年製作の映画),3.4
聖なる鹿殺し キリング・オブ・ア・セイクリッド・ディア(2017年製作の映画),3.4
キャロル(2015年製作の映画),3.4
アップグレード(2018年製作の映画),3.4
マン・オブ・スティール(2013年製作の映画),3.4
ワイルド・ストーム(2018年製作の映画),3.4
デス・ウィッシュ(2017年製作の映画),3.4
嘘八百(2017年製作の映画),3.4
パシフィック・ウォー(2016年製作の映画),3.4
ドローン・オブ・ウォー(2014年製作の映画),3.4
マスター・プラン(2014年製作の映画),3.4
15時17分、パリ行き(2018年製作の映画),3.4
アンロック／陰謀のコード(2017年製作の映画),3.4
ナルニア国物語／第3章:アスラン王と魔法の島(2010年製作の映画),3.4
アガサ・クリスティー ねじれた家(2017年製作の映画),3.4
SHERLOCK／シャーロック 忌まわしき花嫁(2016年製作の映画),3.4
マイル22(2018年製作の映画),3.4
フェイク・クライム(2010年製作の映画),3.4
イノセント・ガーデン(2013年製作の映画),3.4
告白小説、その結末(2017年製作の映画),3.4
マネーモンスター(2016年製作の映画),3.4
ナルニア国物語／第1章:ライオンと魔女(2005年製作の映画),3.4
ブリムストーン(2016年製作の映画),3.4
パーフェクト・プラン 完全なる犯罪計画(2011年製作の映画),3.4
マイティ・ソー ダーク・ワールド(2013年製作の映画),3.4
アラジン完結編／盗賊王の伝説(1996年製作の映画),3.4
ファミリー・ツリー(2011年製作の映画),3.4
機動戦士ガンダムＮＴ(2018年製作の映画),3.4
ミックス。(2017年製作の映画),3.4
特捜部Q Pからのメッセージ(2016年製作の映画),3.4
帰ってきたヒトラー(2015年製作の映画),3.4
サバイバルファミリー(2017年製作の映画),3.4
空飛ぶタイヤ(2018年製作の映画),3.4
バースデーカード(2016年製作の映画),3.4
探偵はBARにいる3(2017年製作の映画),3.4
メイズ・ランナー(2013年製作の映画),3.4
ONE PIECE FILM STRONG WORLD／ワンピース フィルム ストロングワールド(2009年製作の映画),3.4
聖の青春(2016年製作の映画),3.4
悪魔のいけにえ(1974年製作の映画),3.4
トータル・リコール(1990年製作の映画),3.4
エグザム(2009年製作の映画),3.4
劇場版 TIGER & BUNNY The Beginning(2012年製作の映画),3.4
ワンダーウーマン(2017年製作の映画),3.4
劇場版 Fate ／stay night - UNLIMITED BLADE WORKS(2009年製作の映画),3.4
アルカトラズからの脱出(1979年製作の映画),3.4
悪人(2010年製作の映画),3.4
フェイク シティ ある男のルール(2008年製作の映画),3.4
トゥ･ウォーク･インビジブル(2017年製作の映画),3.4
沈黙の戦艦(1992年製作の映画),3.4
トレーニング デイ(2001年製作の映画),3.4
劇場版 魔法科高校の劣等生 星を呼ぶ少女(2016年製作の映画),3.4
エンド・オブ・ザ・ワールド(2012年製作の映画),3.4
バッド・バディ！ 私とカレの暗殺デート(2015年製作の映画),3.4
フィッシュストーリー(2009年製作の映画),3.4
それでもボクはやってない(2007年製作の映画),3.4
スターダスト(2007年製作の映画),3.4
パフューム ある人殺しの物語(2006年製作の映画),3.4
凶気の桜(2002年製作の映画),3.4
エクスペンダブルズ(2010年製作の映画),3.4
バリー・シール／アメリカをはめた男(2016年製作の映画),3.4
ファーゴ(1996年製作の映画),3.4
ロスト・ワールド／ジュラシック・パーク(1997年製作の映画),3.4
ベイウォッチ(2017年製作の映画),3.4
バトルシップ(2012年製作の映画),3.4
トイ・ストーリー3(2010年製作の映画),3.4
ウォールフラワー(2012年製作の映画),3.4
ザ・ウォール(2017年製作の映画),3.4
ゲット スマート(2008年製作の映画),3.4
紙の月(2014年製作の映画),3.4
2ガンズ(2013年製作の映画),3.4
ONCE ダブリンの街角で(2007年製作の映画),3.4
その土曜日、7時58分(2007年製作の映画),3.4
フローズン・タイム(2006年製作の映画),3.4
タッカーとデイル 史上最悪にツイてないヤツら(2010年製作の映画),3.4
リピーテッド(2014年製作の映画),3.4
ゼロ・グラビティ(2013年製作の映画),3.4
裏切りのサーカス(2011年製作の映画),3.4
メカニック ワールドミッション(2016年製作の映画),3.4
グレートウォール(2016年製作の映画),3.4
ニューイヤーズ・イブ(2011年製作の映画),3.4
特捜部Q 檻の中の女(2013年製作の映画),3.4
人生スイッチ(2014年製作の映画),3.4
ベスト・キッド(2010年製作の映画),3.4
美女と野獣(2017年製作の映画),3.4
ザ・セル(2000年製作の映画),3.4
インディ・ジョーンズ／クリスタル・スカルの王国(2008年製作の映画),3.4
COP CAR コップ・カー(2015年製作の映画),3.4
EVA エヴァ(2011年製作の映画),3.4
ラスベガスをぶっつぶせ(2008年製作の映画),3.4
エントラップメント(1999年製作の映画),3.4
ゾディアック(2006年製作の映画),3.4
孤高のメス(2010年製作の映画),3.4
アップサイドダウン 重力の恋人(2012年製作の映画),3.4
カノジョは嘘を愛しすぎてる(2013年製作の映画),3.4
サプライズ(2011年製作の映画),3.4
機動戦艦ナデシコ -The prince of darkness-(1998年製作の映画),3.4
アフタースクール(2008年製作の映画),3.4
サブウェイ123 激突(2009年製作の映画),3.4
ジェネラル・ルージュの凱旋(2009年製作の映画),3.4
シークレット ウインドウ(2004年製作の映画),3.4
ミセス・ダウト(1993年製作の映画),3.4
メン・イン・ブラック3(2012年製作の映画),3.4
マイティ・ソー(2011年製作の映画),3.4
パイレーツ・オブ・カリビアン／ワールド・エンド(2007年製作の映画),3.4
マスク(1994年製作の映画),3.4
ハウルの動く城(2004年製作の映画),3.4
センター・オブ・ジ・アース(2008年製作の映画),3.4
オーシャンズ13(2007年製作の映画),3.4
インビクタス／負けざる者たち(2009年製作の映画),3.4
ミニマリズム: 本当に大切なもの(2016年製作の映画),3.3
泣きたい私は猫をかぶる(2020年製作の映画),3.3
ポセイドン(2006年製作の映画),3.3
青の帰り道(2018年製作の映画),3.3
君は月夜に光り輝く(2019年製作の映画),3.3
目撃者　闇の中の瞳(2017年製作の映画),3.3
ダウンレンジ(2017年製作の映画),3.3
アメリカン・アサシン(2017年製作の映画),3.3
残酷で異常(2014年製作の映画),3.3
365日のシンプルライフ(2013年製作の映画),3.3
ALONE アローン(2016年製作の映画),3.3
デッド・オア・ラン／二重逃亡(2016年製作の映画),3.3
ムーンライト(2016年製作の映画),3.3
ダブル／フェイス(2017年製作の映画),3.3
エイリアンVS. プレデター(2004年製作の映画),3.3
プラネット・テラー in グラインドハウス(2007年製作の映画),3.3
移動都市／モータル・エンジン(2018年製作の映画),3.3
エル ELLE(2016年製作の映画),3.3
ブラッド・スローン(2016年製作の映画),3.3
プーと大人になった僕(2018年製作の映画),3.3
ナルニア国物語／第2章:カスピアン王子の角笛(2008年製作の映画),3.3
トロン：レガシー(2010年製作の映画),3.3
リーグ・オブ・レジェンド／時空を超えた戦い(2003年製作の映画),3.3
プロメテウス(2012年製作の映画),3.3
エイリアン：コヴェナント(2017年製作の映画),3.3
いぬやしき(2018年製作の映画),3.3
億男(2018年製作の映画),3.3
ストロベリーナイト(2013年製作の映画),3.3
羊と鋼の森(2018年製作の映画),3.3
予告犯(2015年製作の映画),3.3
イニシエーション・ラブ(2015年製作の映画),3.3
スカイライン-奪還-(2017年製作の映画),3.3
コーヒーが冷めないうちに(2018年製作の映画),3.3
メイズ・ランナー：最期の迷宮(2018年製作の映画),3.3
メイズ・ランナー2：砂漠の迷宮(2015年製作の映画),3.3
オリエント急行殺人事件(2017年製作の映画),3.3
海底47m(2017年製作の映画),3.3
タイム・トゥ・ラン(2015年製作の映画),3.3
ヴィンセントが教えてくれたこと(2014年製作の映画),3.3
ユリゴコロ(2017年製作の映画),3.3
ザ・ドア 交差する世界(2009年製作の映画),3.3
ジュラシック・パーク III(2001年製作の映画),3.3
冷静と情熱のあいだ(2001年製作の映画),3.3
ハゲタカ(2009年製作の映画),3.3
007／ダイ・アナザー・デイ(2002年製作の映画),3.3
プレデターズ(2010年製作の映画),3.3
プレデター2(1990年製作の映画),3.3
モーレツ宇宙海賊 ABYSS OF HYPERSPACE 亜空の深淵(2014年製作の映画),3.3
コードギアス 亡国のアキト／第4章 憎しみの記憶から(2015年製作の映画),3.3
コードギアス 亡国のアキト／第3章 輝くもの天より堕つ(2014年製作の映画),3.3
コードギアス 亡国のアキト／第2章 引き裂かれし翼竜(2013年製作の映画),3.3
コードギアス 亡国のアキト／第1章 翼竜は舞い降りた(2012年製作の映画),3.3
GODZILLA 決戦機動増殖都市(2018年製作の映画),3.3
トリック 劇場版2(2006年製作の映画),3.3
トリック 劇場版(2002年製作の映画),3.3
完全なる報復(2009年製作の映画),3.3
ロスト・バケーション(2016年製作の映画),3.3
アドレナリン(2006年製作の映画),3.3
NERVE ナーヴ 世界で一番危険なゲーム(2016年製作の映画),3.3
ミスト(2007年製作の映画),3.3
夜は短し歩けよ乙女(2017年製作の映画),3.3
マイ・ボディガード(2004年製作の映画),3.3
イングリッド ネットストーカーの女(2017年製作の映画),3.3
クロッシング・デイ(2008年製作の映画),3.3
宇宙兄弟(2012年製作の映画),3.3
ザ・レイド(2011年製作の映画),3.3
トゥルー・グリット(2010年製作の映画),3.3
マシニスト(2004年製作の映画),3.3
イフ・アイ・ステイ 愛が還る場所(2014年製作の映画),3.3
オカンの嫁入り(2010年製作の映画),3.3
レジェンド・オブ・ゾロ(2005年製作の映画),3.3
planetarian 星の人(2016年製作の映画),3.3
ヒストリー・オブ・バイオレンス(2005年製作の映画),3.3
ダイバージェント(2013年製作の映画),3.3
最高の人生のはじめ方(2012年製作の映画),3.3
想いのこし(2014年製作の映画),3.3
深夜食堂(2015年製作の映画),3.3
ホステージ(2005年製作の映画),3.3
マンチェスター・バイ・ザ・シー(2016年製作の映画),3.3
隣人は静かに笑う(1998年製作の映画),3.3
タンタンの冒険／ユニコーン号の秘密(2011年製作の映画),3.3
グッド・ライ いちばん優しい嘘(2014年製作の映画),3.3
ジ、エクストリーム、スキヤキ(2013年製作の映画),3.3
ダーティハリー(1971年製作の映画),3.3
トゥルーライズ(1994年製作の映画),3.3
東京難民(2013年製作の映画),3.3
捜査官X(2011年製作の映画),3.3
スプリット(2017年製作の映画),3.3
新宿スワン(2015年製作の映画),3.3
タイムライン(2003年製作の映画),3.3
エージェント・ウルトラ(2015年製作の映画),3.3
ユニバーサル・ソルジャー(1992年製作の映画),3.3
神様メール(2015年製作の映画),3.3
その女諜報員 アレックス(2015年製作の映画),3.3
モールス(2010年製作の映画),3.3
思い出のマーニー(2014年製作の映画),3.3
レッド・ドラゴン(2002年製作の映画),3.3
スパイ・ゲーム(2001年製作の映画),3.3
イレイザー(1996年製作の映画),3.3
バトルフロント(2013年製作の映画),3.3
バタフライ ルーム(2012年製作の映画),3.3
パシフィック・リム(2013年製作の映画),3.3
ウォンテッド(2008年製作の映画),3.3
センター・オブ・ジ・アース2 神秘の島(2012年製作の映画),3.3
ピクセル(2015年製作の映画),3.3
ロード・トゥ・パーディション(2002年製作の映画),3.3
127時間(2010年製作の映画),3.3
イキガミ(2008年製作の映画),3.3
2001年宇宙の旅 新世紀特別版(1968年製作の映画),3.3
ミュータント・タートルズ(1990年製作の映画),3.3
スイッチバック 追跡者(1997年製作の映画),3.3
海街diary(2015年製作の映画),3.3
サンクタム(2010年製作の映画),3.3
二重生活(2016年製作の映画),3.3
UDON(2006年製作の映画),3.3
イナフ(2002年製作の映画),3.3
追憶の森(2015年製作の映画),3.3
パブリック・エネミーズ(2009年製作の映画),3.3
SPEC～翔～ 警視庁公安部公安第五課　未詳事件特別対策係事件簿(2012年製作の映画),3.3
REDリターンズ(2013年製作の映画),3.3
（500）日のサマー(2009年製作の映画),3.3
ダイ・ハード(1988年製作の映画),3.3
トランスフォーマー(2007年製作の映画),3.3
カイジ 人生逆転ゲーム(2009年製作の映画),3.3
海猿 ウミザル(2004年製作の映画),3.3
スター・ウォーズ エピソード6／ジェダイの帰還(1983年製作の映画),3.3
DEATH NOTE デスノート the Last name(2006年製作の映画),3.3
スウィングガールズ(2004年製作の映画),3.3
アバター(2009年製作の映画),3.3
チャーリーとチョコレート工場(2005年製作の映画),3.3
疾風ロンド(2016年製作の映画),3.3
ジャック・リーチャー NEVER GO BACK(2016年製作の映画),3.3
スーサイド・スクワッド(2016年製作の映画),3.3
ものすごくうるさくて、ありえないほど近い(2011年製作の映画),3.3
モネ・ゲーム(2012年製作の映画),3.3
ザ・タウン(2010年製作の映画),3.3
ワールド・ウォーZ(2013年製作の映画),3.3
パージ：アナーキー(2014年製作の映画),3.3
幸せの行方...(2010年製作の映画),3.3
ドント・ハングアップ(2016年製作の映画),3.2
ポーラー 狙われた暗殺者​(2019年製作の映画),3.2
LUCY／ルーシー(2014年製作の映画),3.2
デンジャラス・ラン(2012年製作の映画),3.2
IT／イット THE END “それ”が見えたら、終わり。(2019年製作の映画),3.2
リバーズ・エッジ(2018年製作の映画),3.2
サラブレッド(2017年製作の映画),3.2
検察側の罪人(2018年製作の映画),3.2
ターザン：REBORN(2016年製作の映画),3.2
アウトブレイク(1995年製作の映画),3.2
復活の日(1980年製作の映画),3.2
翔んで埼玉(2018年製作の映画),3.2
RE:BORN(2015年製作の映画),3.2
ブルー・マインド(2017年製作の映画),3.2
コピーキャット(1995年製作の映画),3.2
ホース・ソルジャー(2018年製作の映画),3.2
バイオハザード ディジェネレーション(2008年製作の映画),3.2
ナミヤ雑貨店の奇蹟(2017年製作の映画),3.2
ファースト・マン(2018年製作の映画),3.2
MEG ザ・モンスター(2018年製作の映画),3.2
マッチポイント(2005年製作の映画),3.2
ファンタスティック・フォー [超能力ユニット](2005年製作の映画),3.2
ピノキオ(1940年製作の映画),3.2
寝ても覚めても(2018年製作の映画),3.2
脳男(2013年製作の映画),3.2
イントゥ・ザ・ストーム(2014年製作の映画),3.2
クリミナル ２人の記憶を持つ男(2015年製作の映画),3.2
ピースオブケイク(2015年製作の映画),3.2
トゥームレイダーファースト・ミッション(2018年製作の映画),3.2
カイジ2 人生奪回ゲーム(2011年製作の映画),3.2
マリー・アントワネット(2006年製作の映画),3.2
ホームレス中学生(2008年製作の映画),3.2
トゥルースorデア 密室デスゲーム(2011年製作の映画),3.2
GODZILLA 怪獣惑星(2017年製作の映画),3.2
1922(2017年製作の映画),3.2
ポーカーナイト 監禁脱出(2014年製作の映画),3.2
冷たい熱帯魚(2010年製作の映画),3.2
インフェルノ(2016年製作の映画),3.2
レインメーカー(1997年製作の映画),3.2
名探偵コナン エピソード“ONE” 小さくなった名探偵(2016年製作の映画),3.2
名探偵コナン 絶海の探偵（プライベート・アイ）(2013年製作の映画),3.2
名探偵コナン 水平線上の陰謀（ストラテジー）(2005年製作の映画),3.2
四月は君の嘘(2016年製作の映画),3.2
ブリッツ(2011年製作の映画),3.2
THE FORGER 天才贋作画家 最後のミッション(2014年製作の映画),3.2
ダンケルク(2017年製作の映画),3.2
ONE PIECE FILM GOLD(2016年製作の映画),3.2
チーム・バチスタFINAL ケルベロスの肖像(2014年製作の映画),3.2
岳 -ガク-(2010年製作の映画),3.2
ボディ・ハント(2012年製作の映画),3.2
遊星からの物体X ファーストコンタクト(2011年製作の映画),3.2
トリック劇場版 ラストステージ(2013年製作の映画),3.2
ダイバージェントNEO(2015年製作の映画),3.2
サラリーマン・バトル・ロワイアル(2016年製作の映画),3.2
時をかける少女(2010年製作の映画),3.2
ひるなかの流星(2016年製作の映画),3.2
ザ・インターネット(1995年製作の映画),3.2
ダーク・プレイス(2015年製作の映画),3.2
オブリビオン(2013年製作の映画),3.2
マリリン 7日間の恋(2011年製作の映画),3.2
るろうに剣心 伝説の最期編(2014年製作の映画),3.2
劇場版 STEINS;GATE（シュタインズ・ゲート）負荷領域のデジャヴ(2013年製作の映画),3.2
ハムナプトラ３ 呪われた皇帝の秘宝(2008年製作の映画),3.2
バットマン：ダークナイト リターンズ Part 1(2012年製作の映画),3.2
怪盗グルーの月泥棒 3D(2010年製作の映画),3.2
80デイズ(2004年製作の映画),3.2
ルーム(2015年製作の映画),3.2
L.A.ギャングストーリー(2012年製作の映画),3.2
ドロップ・ゾーン(1994年製作の映画),3.2
300 スリーハンドレッド 帝国の進撃(2014年製作の映画),3.2
THE WAVE ザ・ウェイブ(2015年製作の映画),3.2
ロックアウト(2012年製作の映画),3.2
TAXi（3）(2003年製作の映画),3.2
ゲットバック 人質奪還(2016年製作の映画),3.2
メメント(2000年製作の映画),3.2
ファインド・アウト(2012年製作の映画),3.2
ハード・パニッシャー(2013年製作の映画),3.2
エージェント：ライアン(2014年製作の映画),3.2
植物図鑑 運命の恋、ひろいました(2016年製作の映画),3.2
パージ：大統領令(2016年製作の映画),3.2
スパイ・レジェンド(2014年製作の映画),3.2
デイ・アフター・トゥモロー(2004年製作の映画),3.2
彼女と彼女の猫 -Everything Flows-(2016年製作の映画),3.2
ほしのこえ(2002年製作の映画),3.2
雲のむこう、約束の場所(2004年製作の映画),3.2
オーシャンズ12(2004年製作の映画),3.2
ローグ アサシン(2007年製作の映画),3.2
SPOOKS スプークス MI-5(2015年製作の映画),3.2
彼が二度愛したS(2008年製作の映画),3.2
オン・ザ・ロード(2012年製作の映画),3.2
ギリシャに消えた嘘(2014年製作の映画),3.2
OVA 東京喰種トーキョーグール JACK(2015年製作の映画),3.2
スペクトル(2016年製作の映画),3.2
星を追う子ども(2011年製作の映画),3.2
TIME／タイム(2011年製作の映画),3.2
トランスフォーマー／ロストエイジ(2014年製作の映画),3.2
16ブロック(2006年製作の映画),3.2
重力ピエロ(2009年製作の映画),3.2
インベージョン(2007年製作の映画),3.2
映画 鈴木先生(2012年製作の映画),3.2
ペット(2016年製作の映画),3.2
理由(1995年製作の映画),3.2
ロード・オブ・ウォー(2005年製作の映画),3.2
エクスマキナ Ex Machina ー Appleseed Saga(2007年製作の映画),3.2
SLAM DUNK 全国制覇だ！桜木花道(1994年製作の映画),3.2
山猫は眠らない2 狙撃手の掟(2002年製作の映画),3.2
アナコンダ2(2004年製作の映画),3.2
パニッシャー:ウォー・ゾーン(2008年製作の映画),3.2
エンド・オブ・キングダム(2016年製作の映画),3.2
陰陽師 〜おんみょうじ〜(2001年製作の映画),3.2
天使と悪魔(2009年製作の映画),3.2
シュレック2(2004年製作の映画),3.2
マトリックス リローデッド(2003年製作の映画),3.2
ジョゼと虎と魚たち(2003年製作の映画),3.2
バイオハザード III(2007年製作の映画),3.2
シュレック(2001年製作の映画),3.2
マトリックス(1999年製作の映画),3.2
DEATH NOTE デスノート(2006年製作の映画),3.2
るろうに剣心 京都大火編(2014年製作の映画),3.2
借りぐらしのアリエッティ(2010年製作の映画),3.2
スノーホワイト 氷の王国(2016年製作の映画),3.2
スター・トレック(2009年製作の映画),3.2
コラテラル(2004年製作の映画),3.2
特攻野郎Aチーム THE MOVIE(2010年製作の映画),3.2
テッド 2(2015年製作の映画),3.2
ソードフィッシュ(2001年製作の映画),3.2
GODZILLA 星を喰う者(2018年製作の映画),3.1
ケルベロス 紅の狼(2018年製作の映画),3.1
パスワード:家(2018年製作の映画),3.1
アンフレンデッド(2015年製作の映画),3.1
ナチス第三の男(2017年製作の映画),3.1
シャークネード カテゴリー2(2014年製作の映画),3.1
REVENGE リベンジ(2017年製作の映画),3.1
クワイエット・プレイス(2018年製作の映画),3.1
家に帰ると妻が必ず死んだふりをしています。(2018年製作の映画),3.1
映画 賭ケグルイ(2019年製作の映画),3.1
九月の恋と出会うまで(2019年製作の映画),3.1
Miss ライアー(2017年製作の映画),3.1
ザ・サークル(2017年製作の映画),3.1
フレンチ・ラン(2015年製作の映画),3.1
サイバー・リベンジャー(2016年製作の映画),3.1
ナラタージュ(2017年製作の映画),3.1
ヘッドハント(2012年製作の映画),3.1
スナッチ(2000年製作の映画),3.1
桐島、部活やめるってよ(2012年製作の映画),3.1
ハード・コア(1983年製作の映画),3.1
アップルシード アルファ(2014年製作の映画),3.1
三度目の殺人(2017年製作の映画),3.1
ピラニア(1978年製作の映画),3.1
溺れるナイフ(2016年製作の映画),3.1
エビデンス-全滅-(2013年製作の映画),3.1
誘拐の掟(2014年製作の映画),3.1
名探偵コナン 沈黙の15分（クォーター）(2011年製作の映画),3.1
ワイルド・スピードX3 TOKYO DRIFT(2006年製作の映画),3.1
何者(2016年製作の映画),3.1
神様はバリにいる(2014年製作の映画),3.1
ドラゴンボールZ とびっきりの最強対最強(1991年製作の映画),3.1
アイ・イン・ザ・スカイ 世界一安全な戦場(2015年製作の映画),3.1
インモータルズ -神々の戦い-(2011年製作の映画),3.1
キングダム見えざる敵(2007年製作の映画),3.1
日本で一番悪い奴ら(2016年製作の映画),3.1
ドン・ジョン(2013年製作の映画),3.1
デス・レース3 インフェルノ(2012年製作の映画),3.1
G.I.ジョー(2009年製作の映画),3.1
ウィザード・オブ・ライズ(2017年製作の映画),3.1
ザ・ファーム／法律事務所(1993年製作の映画),3.1
LOFT 完全なる嘘（トリック）(2010年製作の映画),3.1
聖☆おにいさん(2013年製作の映画),3.1
ジャッジ・ドレッド(2012年製作の映画),3.1
THE ICEMAN 氷の処刑人(2012年製作の映画),3.1
ゴースト・イン・ザ・シェル(2017年製作の映画),3.1
ペイチェック 消された記憶(2003年製作の映画),3.1
マキシマム・ブラッド(2014年製作の映画),3.1
ミュージアム(2016年製作の映画),3.1
15ミニッツ(2001年製作の映画),3.1
夏ノ日、君ノ声(2015年製作の映画),3.1
さまよう刃(2009年製作の映画),3.1
レポゼッション・メン(2010年製作の映画),3.1
アウトレイジ(2010年製作の映画),3.1
ウォーキング with ダイナソー(2013年製作の映画),3.1
スリー・キングス(1999年製作の映画),3.1
ハンコック(2008年製作の映画),3.1
ザ・ボーイ 人形少年の館(2016年製作の映画),3.1
ブレイクアウト(2011年製作の映画),3.1
スチームボーイ STEAMBOY(2003年製作の映画),3.1
ジャッカル(1997年製作の映画),3.1
咲 Saki(2016年製作の映画),3.1
探偵はBARにいる2 ススキノ大交差点(2013年製作の映画),3.1
ミケランジェロの暗号(2010年製作の映画),3.1
刺さった男(2011年製作の映画),3.1
ゴッホ:天才の絵筆(2009年製作の映画),3.1
イン・ザ・プール(2005年製作の映画),3.1
イントゥ・ザ・ブルー(2005年製作の映画),3.1
ゴッドタン キス我慢選手権 THE MOVIE(2013年製作の映画),3.1
スラムドッグ$ミリオネア(2008年製作の映画),3.1
人狼ゲーム ラヴァーズ(2016年製作の映画),3.1
アナコンダ(1997年製作の映画),3.1
ウォークラフト(2016年製作の映画),3.1
モーテル(2007年製作の映画),3.1
ツナグ(2012年製作の映画),3.1
電車男(2005年製作の映画),3.1
THE 有頂天ホテル(2005年製作の映画),3.1
るろうに剣心(2012年製作の映画),3.1
天空の蜂(2015年製作の映画),3.1
ルパン三世 ルパン暗殺指令(1993年製作の映画),3.1
カウボーイ&エイリアン(2011年製作の映画),3.1
ツーリスト(2010年製作の映画),3.1
007／トゥモロー・ネバー・ダイ(1997年製作の映画),3.1
アンストッパブル(2010年製作の映画),3.1
アウトロー(2012年製作の映画),3.1
ヘンゼル&グレーテル(2013年製作の映画),3.1
マンイーター アンレイテッド・バージョン(2007年製作の映画),3.0
GANTZ: PERFECT ANSWER(2011年製作の映画),3.0
GANTZ(2010年製作の映画),3.0
東京喰種 トーキョーグール【S】(2019年製作の映画),3.0
フューリアス 双剣の戦士(2017年製作の映画),3.0
ジョーカー・ゲーム(2015年製作の映画),3.0
MOTHER マザー(2020年製作の映画),3.0
惡の華(2019年製作の映画),3.0
夜明け告げるルーのうた(2017年製作の映画),3.0
GOEMON(2008年製作の映画),3.0
美女と野獣(2014年製作の映画),3.0
ドラキュラZERO(2014年製作の映画),3.0
ロシアン・スナイパー(2015年製作の映画),3.0
嘘を愛する女(2018年製作の映画),3.0
ザ・スクエア 思いやりの聖域(2017年製作の映画),3.0
来る(2018年製作の映画),3.0
キッズ・リベンジ(2012年製作の映画),3.0
劇場版　ドーラといっしょに大冒険(2019年製作の映画),3.0
スケア・キャンペーン(2016年製作の映画),3.0
あした世界が終わるとしても(2019年製作の映画),3.0
劇場版 ダンジョンに出会いを求めるのは間違っているだろうか オリオンの矢(2018年製作の映画),3.0
劇場版 戦国BASARA -The Last Party-(2011年製作の映画),3.0
アンジェラ(2005年製作の映画),3.0
コンフィデンスマンJP(2019年製作の映画),3.0
ハンター(2011年製作の映画),3.0
突入せよ！「あさま山荘」事件(2002年製作の映画),3.0
バンコック・デンジャラス(2008年製作の映画),3.0
ポリス・ストーリー／REBORN(2017年製作の映画),3.0
シャークネード エクストリーム・ミッション(2015年製作の映画),3.0
パージ：エクスペリメント(2018年製作の映画),3.0
純平、考え直せ(2018年製作の映画),3.0
ハロウィン(2018年製作の映画),3.0
アルカディア(2017年製作の映画),3.0
ヴェンジェンス(2017年製作の映画),3.0
ゴーストライダー(2007年製作の映画),3.0
ふたりの女王 メアリーとエリザベス(2018年製作の映画),3.0
ダークサイド(2018年製作の映画),3.0
スイス・アーミー・マン(2016年製作の映画),3.0
アフターマス(2016年製作の映画),3.0
メランコリア(2011年製作の映画),3.0
ミスミソウ(2017年製作の映画),3.0
クリスマスに降る雪は(2019年製作の映画),3.0
ターミネーター4(2009年製作の映画),3.0
バチェロレッテ あの子が結婚するなんて！(2012年製作の映画),3.0
ジャコメッティ 最後の肖像(2017年製作の映画),3.0
インデペンデンス・デイ：リサージェンス(2016年製作の映画),3.0
レ・ミゼラブル(2012年製作の映画),3.0
THE QUAKE ザ・クエイク(2018年製作の映画),3.0
ギヴァー 記憶を注ぐ者(2014年製作の映画),3.0
ナイトウォッチメン(2017年製作の映画),3.0
十二人の死にたい子どもたち(2019年製作の映画),3.0
陰日向に咲く(2008年製作の映画),3.0
天地明察(2012年製作の映画),3.0
散歩する侵略者(2017年製作の映画),3.0
ビューティフル・デイ(2017年製作の映画),3.0
人狼ゲーム インフェルノ(2018年製作の映画),3.0
ダイバージェント FINAL(2016年製作の映画),3.0
不能犯(2018年製作の映画),3.0
パンズ・ラビリンス(2006年製作の映画),3.0
夜のピクニック(2006年製作の映画),3.0
ビブリア古書堂の事件手帖(2018年製作の映画),3.0
ウォッチメン(2009年製作の映画),3.0
タッチ2 さよならの贈り物(1986年製作の映画),3.0
タッチ 背番号のないエース(1986年製作の映画),3.0
アナベル 死霊館の人形(2014年製作の映画),3.0
ジョジョの奇妙な冒険 ダイヤモンドは砕けない 第一章(2017年製作の映画),3.0
パッチ・オブ・フォグ −偽りの友人−(2015年製作の映画),3.0
シャフト(2000年製作の映画),3.0
全員、片想い(2016年製作の映画),3.0
EMMA／エマ 人工警察官(2016年製作の映画),3.0
バッド・ルーテナント(2009年製作の映画),3.0
東京喰種 トーキョーグール(2017年製作の映画),3.0
ONE PIECE ワンピース 呪われた聖剣(2004年製作の映画),3.0
ニュー・シネマ・パラダイス(1989年製作の映画),3.0
追憶(2017年製作の映画),3.0
新宿スワンII(2016年製作の映画),3.0
トモダチゲーム 劇場版FINAL(2017年製作の映画),3.0
エイリアン3(1992年製作の映画),3.0
傷だらけの悪魔(2017年製作の映画),3.0
ランナーランナー(2013年製作の映画),3.0
ヘイトフル・エイト(2015年製作の映画),3.0
そのときは彼によろしく(2007年製作の映画),3.0
DOOM ドゥーム(2005年製作の映画),3.0
ARQ 時の牢獄(2016年製作の映画),3.0
ジャックと天空の巨人(2013年製作の映画),3.0
シックス・デイ(2000年製作の映画),3.0
ヒットマンズ・ボディガード(2017年製作の映画),3.0
スコーピオン・キング(2002年製作の映画),3.0
ライラの冒険 黄金の羅針盤(2007年製作の映画),3.0
宇宙戦争(2005年製作の映画),3.0
ソーセージ・パーティー(2016年製作の映画),3.0
ルパン三世VS名探偵コナン THE MOVIE(2013年製作の映画),3.0
名探偵コナン 11人目のストライカー(2012年製作の映画),3.0
名探偵コナン 戦慄の楽譜（フルスコア）(2008年製作の映画),3.0
名探偵コナン 業火の向日葵(2015年製作の映画),3.0
名探偵コナン 紺碧の棺(2007年製作の映画),3.0
マローダーズ 襲撃者(2016年製作の映画),3.0
赤ずきん(2011年製作の映画),3.0
完全なるチェックメイト(2014年製作の映画),3.0
アンリミテッド(2014年製作の映画),3.0
好きになるその瞬間を。 告白実行委員会(2016年製作の映画),3.0
ガラスの花と壊す世界(2016年製作の映画),3.0
トモダチゲーム 劇場版(2017年製作の映画),3.0
デイブレイカー(2009年製作の映画),3.0
マンハント(1975年製作の映画),3.0
ラストスタンド(2013年製作の映画),3.0
フローズン(2010年製作の映画),3.0
イット・フォローズ(2014年製作の映画),3.0
orange(2015年製作の映画),3.0
ドラゴンボールZ 神と神(2013年製作の映画),3.0
ドラゴンボールZ 超戦士撃破！！勝つのはオレだ(1994年製作の映画),3.0
ドラゴンボールZ 極限バトル！！三大超サイヤ人(1992年製作の映画),3.0
ドラゴンボールZ 銀河ギリギリ！！ ぶっちぎりの凄い奴(1993年製作の映画),3.0
ドラゴンボールZ 激突！！100億パワーの戦士たち(1992年製作の映画),3.0
ドラゴンボールZ 復活の「F」(2015年製作の映画),3.0
チェンジング・レーン(2002年製作の映画),3.0
遠距離恋愛 彼女の決断(2010年製作の映画),3.0
オートマタ(2014年製作の映画),3.0
マスター・アンド・コマンダー(2003年製作の映画),3.0
オーバードライヴ(2013年製作の映画),3.0
チャット 〜罠に堕ちた美少女〜(2010年製作の映画),3.0
ストリート・オブ・ファイヤー(1984年製作の映画),3.0
アリス・イン・ワンダーランド(2010年製作の映画),3.0
ハンガー・ゲーム FINAL：レボリューション(2015年製作の映画),3.0
ザ・トーナメント(2009年製作の映画),3.0
ザ・マミー／呪われた砂漠の王女(2017年製作の映画),3.0
コンスタンティン(2005年製作の映画),3.0
シャイニング(1980年製作の映画),3.0
パッセンジャーズ(2008年製作の映画),3.0
だれかの木琴(2016年製作の映画),3.0
ラスト・ウィッチ・ハンター(2015年製作の映画),3.0
アタック・ザ・ブロック(2011年製作の映画),3.0
ポゼッション(2012年製作の映画),3.0
PAN ネバーランド、夢のはじまり(2015年製作の映画),3.0
白い沈黙(2014年製作の映画),3.0
グランド・ジョー(2013年製作の映画),3.0
隣人13号(2004年製作の映画),3.0
スネーク・フライト(2006年製作の映画),3.0
バレット(2012年製作の映画),3.0
ネバー・サレンダー 肉弾突撃(2009年製作の映画),3.0
インシディアス(2010年製作の映画),3.0
クローズZERO(2007年製作の映画),3.0
Mr.ホームズ 名探偵最後の事件(2015年製作の映画),3.0
マスク2(2005年製作の映画),3.0
カットバンク(2014年製作の映画),3.0
殿、利息でござる！(2016年製作の映画),3.0
サバイバー(2015年製作の映画),3.0
88ミニッツ(2007年製作の映画),3.0
パラサイト・クリーチャーズ(2013年製作の映画),3.0
クリミナルズ(2011年製作の映画),3.0
クワイエットルームにようこそ(2007年製作の映画),3.0
チャーリー・モルデカイ 華麗なる名画の秘密(2015年製作の映画),3.0
ハンガー・ゲーム FINAL：レジスタンス(2014年製作の映画),3.0
ガンズ＆ゴールド(2014年製作の映画),3.0
スノーピアサー(2013年製作の映画),3.0
ミッシング ID(2011年製作の映画),3.0
デビル(2011年製作の映画),3.0
ドリームキャッチャー(2003年製作の映画),3.0
ブラッド・ワーク(2002年製作の映画),3.0
ブラック会社に勤めてるんだが、もう俺は限界かもしれない(2009年製作の映画),3.0
ハンナ(2011年製作の映画),3.0
天才画家ダリ 愛と激情の青春(2008年製作の映画),3.0
シグナル(2014年製作の映画),3.0
ゴーストシップ(2002年製作の映画),3.0
SAFE セイフ(2012年製作の映画),3.0
トランスポーター イグニション(2015年製作の映画),3.0
僕だけがいない街(2016年製作の映画),3.0
ニック・オブ・タイム(1995年製作の映画),3.0
黒い家(1999年製作の映画),3.0
サハラ 死の砂漠を脱出せよ(2005年製作の映画),3.0
探偵はBARにいる(2011年製作の映画),3.0
タイタンの逆襲(2012年製作の映画),3.0
キラー・インサイド・ミー(2010年製作の映画),3.0
藁の楯(2013年製作の映画),3.0
ミュータント・ニンジャ・タートルズ：影＜シャドウズ＞(2015年製作の映画),3.0
沈黙の要塞(1994年製作の映画),3.0
コブラ(1986年製作の映画),3.0
ハングリー・ラビット(2011年製作の映画),3.0
真夏の方程式(2013年製作の映画),3.0
サカサマのパテマ(2013年製作の映画),3.0
AVP2 エイリアンズVS. プレデター(2007年製作の映画),3.0
アンダルシア 女神の報復(2011年製作の映画),3.0
ダブル・ジョパディー(1999年製作の映画),3.0
ベン・ハー(2016年製作の映画),3.0
山猫は眠らない3 決別の照準(2004年製作の映画),3.0
クローバーフィールド／HAKAISHA(2008年製作の映画),3.0
人狼ゲーム プリズン・ブレイク(2016年製作の映画),3.0
モーテル2(2009年製作の映画),3.0
インビジブル2(2006年製作の映画),3.0
インビジブル(2000年製作の映画),3.0
ブレイブ ストーリー(2006年製作の映画),3.0
ターミネーター3(2003年製作の映画),3.0
ハンガー・ゲーム(2012年製作の映画),3.0
ターミネーター(1984年製作の映画),3.0
少林サッカー(2001年製作の映画),3.0
悪の教典(2012年製作の映画),3.0
アイ・アム・レジェンド(2007年製作の映画),3.0
ゴーストバスターズ(2016年製作の映画),3.0
ソルト(2010年製作の映画),3.0
NEXT -ネクスト-(2007年製作の映画),3.0
劇場版TRIGUN（トライガン） -Badlands Rumble-(2010年製作の映画),3.0
アドレナリン:ハイ・ボルテージ(2009年製作の映画),3.0
鍵泥棒のメソッド(2012年製作の映画),3.0
クリムゾン・リバー2 黙示録の天使たち(2004年製作の映画),3.0
ゲットバック(2012年製作の映画),3.0
ハウンター(2013年製作の映画),3.0
記憶探偵と鍵のかかった少女(2013年製作の映画),3.0
インフォーマント！(2009年製作の映画),3.0
300 ＜スリーハンドレッド＞(2007年製作の映画),3.0
ゴッドタン キス我慢選手権 THE MOVIE2 サイキック・ラブ(2014年製作の映画),3.0
シャッター アイランド(2009年製作の映画),3.0
スコーピオン・キング 4(2015年製作の映画),3.0
ファイナル・デッドサーキット 3D(2009年製作の映画),3.0
パーフェクト ストーム(2000年製作の映画),3.0
ヒア アフター(2010年製作の映画),3.0
凶悪(2013年製作の映画),3.0
ザスーラ(2005年製作の映画),3.0
バイオハザードV リトリビューション(2012年製作の映画),3.0
HK 変態仮面(2013年製作の映画),3.0
SUPER 8／スーパーエイト(2011年製作の映画),3.0
バイオハザード IV アフターライフ(2010年製作の映画),3.0
13日の金曜日(1980年製作の映画),3.0
バレッツ(2010年製作の映画),3.0
アメリカン・ハッスル(2013年製作の映画),3.0
ファイナル・デッドブリッジ(2011年製作の映画),3.0
ファイナル・デッドコースター(2006年製作の映画),3.0
モーターサイクル・ダイアリーズ(2004年製作の映画),3.0
ラスト・ターゲット(2010年製作の映画),3.0
ミッドナイト・トレイン(2009年製作の映画),3.0
博士の愛した数式(2005年製作の映画),3.0
アルゴ(2012年製作の映画),3.0
ブラック・スワン(2010年製作の映画),3.0
ミレニアム ドラゴン・タトゥーの女(2009年製作の映画),3.0
タイタンの戦い(2010年製作の映画),3.0
アジャストメント(2011年製作の映画),3.0
バンテージ・ポイント(2008年製作の映画),3.0
アサルト13 要塞警察(2005年製作の映画),3.0
ゴーストライター(2010年製作の映画),3.0
ダ・ヴィンチ・コード(2006年製作の映画),3.0
ミニオンズ(2015年製作の映画),3.0
ヒットマン(2007年製作の映画),3.0
ホビット 決戦のゆくえ(2014年製作の映画),3.0
メカニック(2011年製作の映画),3.0
96時間(2008年製作の映画),3.0
PARKER パーカー(2013年製作の映画),3.0
ハンガー・ゲーム2(2013年製作の映画),3.0
アナイアレイション -全滅領域-(2017年製作の映画),2.9
ザ・ルームメイト(2011年製作の映画),2.9
ラフ ROUGH(2006年製作の映画),2.9
68キル(2017年製作の映画),2.9
クリスティ(2014年製作の映画),2.9
デッド・フレンド・リクエスト(2016年製作の映画),2.9
アンセイン ～狂気の真実～(2018年製作の映画),2.9
関ヶ原(2017年製作の映画),2.9
麻雀覇道伝説 天牌外伝(2018年製作の映画),2.9
犬神家の一族(2006年製作の映画),2.9
夜明けの街で(2011年製作の映画),2.9
アイ・スピット・オン・ユア・グレイヴ(2010年製作の映画),2.9
シーサイドモーテル(2010年製作の映画),2.9
ラーメン食いてぇ！(2018年製作の映画),2.9
フローズン・ブレイク(2019年製作の映画),2.9
リベンジ・リスト(2016年製作の映画),2.9
クローバーフィールド・パラドックス(2018年製作の映画),2.9
ザ・ギャンブラー／熱い賭け(2014年製作の映画),2.9
シャーク・ナイト(2011年製作の映画),2.9
王様のためのホログラム(2016年製作の映画),2.9
ロミオ・マスト・ダイ(2000年製作の映画),2.9
ピースメーカー(1997年製作の映画),2.9
チェイス・ダウン 裏切りの銃弾(2015年製作の映画),2.9
ザ・ガンマン(2015年製作の映画),2.9
ブラック・シー(2014年製作の映画),2.9
ザ・バンク 堕ちた巨像(2009年製作の映画),2.9
マキシマム・ソルジャー(2013年製作の映画),2.9
残穢 住んではいけない部屋(2016年製作の映画),2.9
13日の金曜日(2009年製作の映画),2.9
ダーク・シャドウ(2012年製作の映画),2.9
パーフェクト・プラン(2014年製作の映画),2.9
ハード・ラッシュ(2012年製作の映画),2.9
ウルヴァリン: SAMURAI(2013年製作の映画),2.9
崖の上のポニョ(2008年製作の映画),2.9
逃走車(2012年製作の映画),2.9
Diner ダイナー(2019年製作の映画),2.8
ザ・サイレンス 闇のハンター​(2019年製作の映画),2.8
二ノ国(2019年製作の映画),2.8
サマー・インフェルノ(2015年製作の映画),2.8
レベル16 服従の少女たち(2018年製作の映画),2.8
Re:ゼロから始める異世界生活　氷結の絆(2019年製作の映画),2.8
神さまの言うとおり(2014年製作の映画),2.8
イット・カムズ・アット・ナイト(2017年製作の映画),2.8
グラビティ 繰り返される宇宙(2019年製作の映画),2.8
ブラックフット クマ地獄(2014年製作の映画),2.8
閉ざされた雪国(2018年製作の映画),2.8
ルームメイト(2013年製作の映画),2.8
時計じかけのオレンジ(1971年製作の映画),2.8
ザ・スクワッド(2015年製作の映画),2.8
インターセクション(2013年製作の映画),2.8
バーニング・ブライト(2010年製作の映画),2.8
フッテージ(2012年製作の映画),2.8
エンド・オブ・ウォッチ(2012年製作の映画),2.8
ドミノ(2005年製作の映画),2.8
人狼ゲーム マッドランド(2017年製作の映画),2.8
フローズン・グラウンド(2013年製作の映画),2.8
スマグラー おまえの未来を運べ(2011年製作の映画),2.8
沈黙の粛清(2016年製作の映画),2.8
マキシマム・リスク(1996年製作の映画),2.8
沈黙の制裁(2014年製作の映画),2.8
［リミット］(2010年製作の映画),2.8
バーニング・ブラッド(2015年製作の映画),2.8
復讐したい(2016年製作の映画),2.8
g@me.(2003年製作の映画),2.8
長い長い殺人(2007年製作の映画),2.8
闇金ドッグス(2015年製作の映画),2.8
迷宮カフェ(2015年製作の映画),2.8
セブンス・サン 魔使いの弟子(2015年製作の映画),2.8
NANA(2005年製作の映画),2.8
20世紀少年 ＜第1章＞ 終わりの始まり(2008年製作の映画),2.8
殺しのナンバー／スパイ・コード 殺しのナンバー(2013年製作の映画),2.8
パージ(2013年製作の映画),2.8
デビルクエスト(2011年製作の映画),2.8
海を感じる時(2014年製作の映画),2.7
ダーティー・コップ(2016年製作の映画),2.7
ワイルド7(2011年製作の映画),2.7
氷菓(2017年製作の映画),2.7
未来のミライ(2018年製作の映画),2.7
劇場版トリニティセブン 悠久図書館と錬金術少女(2017年製作の映画),2.7
ブラックサイト(2008年製作の映画),2.7
ジーパーズ・クリーパーズ(2001年製作の映画),2.7
バトル・ロワイアル II〜鎮魂歌（レクイエム）〜(2003年製作の映画),2.7
ゴーストライダー2(2011年製作の映画),2.7
ディープ・サンクタム(2014年製作の映画),2.7
クレイジー・ドライブ(2014年製作の映画),2.7
われらが背きし者(2015年製作の映画),2.7
サベージ・キラー(2013年製作の映画),2.7
陰陽師 II(2003年製作の映画),2.7
ダークシティ(1998年製作の映画),2.7
デビルズリジェクト〜マーダーライドショー2〜(2005年製作の映画),2.7
ブロークン・アイデンティティ(2012年製作の映画),2.7
デスノート Light up the NEW world(2016年製作の映画),2.7
ハルク(2003年製作の映画),2.7
シン・シティ(2005年製作の映画),2.7
ライアーゲーム 再生(2012年製作の映画),2.7
彼岸島(2009年製作の映画),2.7
ワイルドなスピード！ AHO MISSION(2015年製作の映画),2.7
どろろ(2007年製作の映画),2.7
コード211(2018年製作の映画),2.6
容疑者 室井慎次(2005年製作の映画),2.6
アイアン・スカイ(2012年製作の映画),2.6
ATM(2012年製作の映画),2.6
ベリー・バッド・ウェディング(1998年製作の映画),2.6
CUBE2(2002年製作の映画),2.5
EXO <エクソ:地球外侵略者>(2016年製作の映画),2.5
シェルター　狂気の秘密(2008年製作の映画),2.5
MONSTERZ モンスターズ(2014年製作の映画),2.5
リヴォルト(2017年製作の映画),2.5
呪怨館(2014年製作の映画),2.5
打ち上げ花火、下から見るか？横から見るか？(2017年製作の映画),2.5
GTO(1999年製作の映画),2.5
プリンセス トヨトミ(2011年製作の映画),2.5
アイズ(2015年製作の映画),2.5
追撃車(2011年製作の映画),2.5
沈黙の監獄(2012年製作の映画),2.5
VR ミッション：25(2015年製作の映画),2.5
ガンズ・アンド・ストレンジャー(2012年製作の映画),2.5
ノウイング(2009年製作の映画),2.5
パニック・マーケット3D(2012年製作の映画),2.5
人狼ゲーム クレイジーフォックス(2015年製作の映画),2.5
MW-ムウ-(2009年製作の映画),2.5
マックス・ペイン(2008年製作の映画),2.5
ノルウェイの森(2010年製作の映画),2.5
バトルランナー(1987年製作の映画),2.5
シャークネード(2013年製作の映画),2.5
ドライブ・アングリー3D(2010年製作の映画),2.5
フレディVSジェイソン(2003年製作の映画),2.5
スモーキン・エース／暗殺者がいっぱい(2007年製作の映画),2.5
デス・レース(2008年製作の映画),2.5
百瀬、こっちを向いて。(2013年製作の映画),2.5
サボタージュ(2014年製作の映画),2.5
バトル・ロワイアル(2000年製作の映画),2.5
マシンガン・プリーチャー(2011年製作の映画),2.5
ウォール・ストリート(2010年製作の映画),2.5
コマンドー(1985年製作の映画),2.5
Death Note／デスノート(2017年製作の映画),2.4
ジャッキー・コーガン(2012年製作の映画),2.4
ロジャー・コーマン デス・レース 2050(2017年製作の映画),2.4
ブローン・アパート(2008年製作の映画),2.4
インシテミル 7日間のデス・ゲーム(2010年製作の映画),2.4
サイコパス 地下戦慄(2015年製作の映画),2.3
セル(2015年製作の映画),2.2
エリア52(2011年製作の映画),2.2
人狼ゲーム ビーストサイド(2014年製作の映画),2.2
ジョーズ'87／復讐篇(1987年製作の映画),2.1
オープン・ウォーター(2004年製作の映画),2.0
新アリゲーター 新種襲来(2013年製作の映画),2.0
ジョーカーゲーム(2012年製作の映画),2.0
マッド・ナース(2013年製作の映画),2.0
AVN／エイリアンVSニンジャ(2010年製作の映画),2.0
ザ・スティール(2008年製作の映画),2.0
スピーシーズ3 禁断の種(2004年製作の映画),2.0
カイト／KITE(2014年製作の映画),2.0
追跡車(2011年製作の映画),2.0
進撃の巨人 ATTACK ON TITAN(2014年製作の映画),2.0
ハルフウェイ(2008年製作の映画),2.0
沈黙の奪還(2006年製作の映画),2.0
青鬼 ver.2.0(2015年製作の映画),2.0
ジョーカーゲーム 脱出（エスケープ）(2013年製作の映画),2.0
人狼ゲーム(2013年製作の映画),2.0
ワイルドカード(2014年製作の映画),2.0
ロンドン・ブルバード -LAST BODYGUARD-(2010年製作の映画),2.0
キャビン(2011年製作の映画),2.0
リディック：ギャラクシー・バトル(2013年製作の映画),2.0
トランスポーター3 アンリミテッド(2008年製作の映画),2.0
キラー・エリート(2011年製作の映画),2.0
ビンゴ(2012年製作の映画),1.9
ザ・ガールズ(2014年製作の映画),1.9
ウォーキングZ(2013年製作の映画),1.9
2048(2008年製作の映画),1.9
人生奪回ゲーム(2012年製作の映画),1.8
7500(2013年製作の映画),1.8
リアル鬼ごっこ(2015年製作の映画),1.8
デッドクリフ(2009年製作の映画),1.8
アースフォール(2015年製作の映画),1.6
シンデレラゲーム(2016年製作の映画),1.6
ドルフ・ラングレン 処刑鮫(2015年製作の映画),1.5
ザ・キューブ　ファイナル・トラップ(2014年製作の映画),1.5
ミュージアム 序章(2016年製作の映画),1.5
ラスト・デイズ・オン・マーズ(2013年製作の映画),1.5
メガ・シャークVSジャイアント・オクトパス(2009年製作の映画),1.2
ビッグ・クラブ・パニック(2015年製作の映画),1.0
デビルシャーク(2015年製作の映画),1.0
ジュラシック・シャーク(2012年製作の映画),1.0
フランケンジョーズ(2016年製作の映画),1.0
アイス・ジョーズ(2013年製作の映画),1.0
ディノシャーク(2010年製作の映画),1.0
